Date,Category,Amount,Payment_Mode,Month
01-01-2024,Transport,3279,Cash,May
01-02-2024,Entertainment,2080,Card,December
01-02-2024,Transport,3217,Online,December
01-02-2024,Utilities,1054,Online,May
01-05-2024,Food,13249,Cash,December
01-05-2024,Entertainment,14800,Cash,January
01-08-2024,Shopping,10856,Online,April
01-09-2024,Shopping,3630,Card,January
01-09-2024,Rent,9227,Online,March
01-10-2024,Food,2765,Online,July
01-12-2024,Rent,7214,Cash,September
01-12-2024,Health,5572,Card,November
1/14/2024,Utilities,11452,Card,March
1/15/2024,Food,9539,Cash,January
1/15/2024,Rent,2483,Online,November
1/16/2024,Food,12975,Card,April
1/17/2024,Entertainment,7157,Online,March
1/18/2024,Transport,6395,Card,May
1/19/2024,Transport,10682,Online,November
1/20/2024,Entertainment,2465,Card,December
1/21/2024,Entertainment,10400,Cash,May
1/21/2024,Transport,12547,Online,June
1/22/2024,Rent,2365,Online,January
1/22/2024,Rent,7394,Card,July
1/23/2024,Transport,13769,Cash,November
1/25/2024,Entertainment,12857,Cash,January
1/27/2024,Food,1660,Online,November
1/28/2024,Shopping,9054,Online,August
1/28/2024,Shopping,7661,Cash,April
1/29/2024,Health,10137,Online,July
02-02-2024,Entertainment,999,Cash,January
02-02-2024,Shopping,4098,Online,October
02-04-2024,Shopping,9647,Card,June
02-04-2024,Health,4214,Online,September
02-05-2024,Entertainment,14836,Card,January
02-05-2024,Entertainment,11344,Card,December
02-06-2024,Utilities,2820,Cash,February
02-06-2024,Rent,6336,Card,July
02-06-2024,Entertainment,6328,Card,May
02-07-2024,Health,13261,Card,August
02-08-2024,Food,5799,Cash,April
02-08-2024,Health,13181,Online,January
02-08-2024,Food,10833,Online,November
02-10-2024,Shopping,2528,Online,September
02-10-2024,Shopping,12813,Card,November
02-10-2024,Health,4411,Online,December
02-11-2024,Entertainment,6994,Online,January
02-12-2024,Food,10924,Online,November
2/15/2024,Utilities,9374,Online,October
2/16/2024,Food,6394,Online,November
2/16/2024,Shopping,10652,Cash,August
2/16/2024,Entertainment,5799,Card,November
2/17/2024,Health,10421,Cash,March
2/18/2024,Shopping,3765,Cash,August
2/20/2024,Food,8319,Online,May
2/22/2024,Health,5824,Card,September
2/22/2024,Utilities,6673,Online,August
2/22/2024,Utilities,11403,Card,August
2/23/2024,Rent,12070,Card,December
2/23/2024,Utilities,12336,Card,July
2/27/2024,Health,1490,Cash,July
2/27/2024,Entertainment,245,Online,September
2/27/2024,Utilities,1200,Card,April
2/27/2024,Rent,9335,Card,September
2/28/2024,Transport,3945,Online,July
03-02-2024,Shopping,11656,Online,August
03-03-2024,Utilities,12743,Cash,August
03-05-2024,Rent,2239,Cash,November
03-09-2024,Utilities,12711,Card,May
03-09-2024,Shopping,12215,Card,January
03-10-2024,Utilities,109,Online,December
03-12-2024,Food,10333,Online,August
3/14/2024,Food,1386,Card,January
3/15/2024,Health,12381,Card,February
3/16/2024,Utilities,8312,Online,June
3/16/2024,Rent,12160,Online,September
3/20/2024,Health,4458,Card,March
3/21/2024,Transport,12908,Card,February
3/21/2024,Entertainment,1033,Cash,May
3/26/2024,Shopping,11483,Cash,April
3/26/2024,Entertainment,6670,Card,February
3/28/2024,Health,13713,Card,May
3/30/2024,Entertainment,14584,Cash,May
3/30/2024,Entertainment,14832,Cash,May
3/31/2024,Health,1172,Cash,March
04-01-2024,Rent,1740,Card,January
04-01-2024,Food,8421,Cash,September
04-03-2024,Food,6627,Cash,October
04-05-2024,Entertainment,4393,Cash,September
04-05-2024,Entertainment,7159,Card,October
04-05-2024,Shopping,11181,Online,February
04-08-2024,Food,11630,Card,January
04-08-2024,Transport,9046,Cash,November
04-08-2024,Health,12629,Online,July
04-08-2024,Health,394,Card,May
04-08-2024,Shopping,7105,Online,January
04-08-2024,Food,13176,Cash,March
04-08-2024,Entertainment,13716,Card,April
04-09-2024,Utilities,12165,Cash,June
04-09-2024,Rent,8302,Cash,September
04-12-2024,Shopping,3532,Online,October
04-12-2024,Shopping,4594,Cash,January
4/13/2024,Food,629,Card,September
4/13/2024,Health,1809,Card,September
4/15/2024,Transport,1074,Cash,December
4/15/2024,Health,6216,Card,September
4/16/2024,Health,10526,Online,December
4/18/2024,Transport,3710,Online,February
4/21/2024,Transport,205,Card,July
4/22/2024,Food,11803,Online,October
4/22/2024,Rent,5726,Card,March
4/22/2024,Food,11525,Online,February
4/24/2024,Transport,8289,Card,June
4/25/2024,Health,10269,Card,November
4/26/2024,Entertainment,9260,Online,June
4/26/2024,Health,1056,Online,December
4/27/2024,Transport,12120,Card,August
4/29/2024,Food,9947,Online,July
4/29/2024,Health,2049,Online,January
05-01-2024,Transport,2575,Card,September
05-01-2024,Rent,9230,Cash,January
05-02-2024,Entertainment,6442,Cash,March
05-03-2024,Utilities,12257,Online,October
05-04-2024,Entertainment,13860,Online,February
05-05-2024,Utilities,12437,Online,February
05-06-2024,Food,10673,Cash,April
05-07-2024,Utilities,1055,Cash,December
05-08-2024,Entertainment,2704,Card,August
05-09-2024,Rent,5279,Card,January
05-10-2024,Food,6468,Cash,June
05-10-2024,Food,14661,Card,July
05-10-2024,Utilities,10401,Card,June
05-11-2024,Food,4716,Online,March
05-12-2024,Food,5639,Card,April
5/13/2024,Health,10929,Online,May
5/14/2024,Transport,2819,Online,October
5/14/2024,Entertainment,10346,Card,September
5/18/2024,Utilities,4386,Online,December
5/22/2024,Food,14723,Online,August
5/22/2024,Utilities,3255,Cash,March
5/23/2024,Food,10545,Online,March
5/23/2024,Rent,4246,Cash,April
5/23/2024,Health,8664,Card,April
5/23/2024,Food,13499,Online,July
5/24/2024,Transport,5391,Cash,June
5/26/2024,Food,8686,Online,May
5/27/2024,Health,13475,Cash,December
5/28/2024,Food,14214,Cash,June
5/29/2024,Transport,5643,Online,June
5/30/2024,Health,7251,Cash,April
5/30/2024,Rent,2143,Online,February
5/31/2024,Health,14156,Cash,May
06-01-2024,Health,1995,Cash,August
06-02-2024,Health,9500,Cash,July
06-03-2024,Transport,12573,Cash,February
06-05-2024,Rent,7414,Cash,March
06-06-2024,Shopping,8603,Online,October
06-08-2024,Rent,9005,Cash,July
06-08-2024,Utilities,14387,Online,November
06-08-2024,Health,9177,Cash,August
06-09-2024,Transport,9679,Online,April
06-09-2024,Entertainment,5483,Card,July
06-09-2024,Entertainment,7374,Cash,December
06-10-2024,Transport,12841,Cash,July
06-11-2024,Health,9973,Online,July
06-11-2024,Food,3244,Cash,May
6/13/2024,Health,9700,Online,July
6/15/2024,Shopping,4915,Card,January
6/15/2024,Health,12361,Card,August
6/16/2024,Health,13075,Online,November
6/16/2024,Entertainment,8736,Card,March
6/18/2024,Rent,6541,Online,May
6/19/2024,Entertainment,14959,Card,April
6/20/2024,Shopping,761,Cash,May
6/21/2024,Rent,6774,Online,August
6/21/2024,Rent,5116,Cash,April
6/22/2024,Transport,2459,Online,November
6/24/2024,Food,11206,Online,June
6/25/2024,Shopping,5545,Card,September
6/26/2024,Health,9877,Cash,September
6/28/2024,Shopping,5338,Online,June
6/29/2024,Rent,13743,Online,November
6/30/2024,Entertainment,6395,Online,May
07-02-2024,Transport,14423,Card,November
07-04-2024,Utilities,13567,Card,February
07-05-2024,Entertainment,13647,Card,January
07-06-2024,Shopping,14160,Card,October
07-07-2024,Entertainment,8567,Card,February
07-08-2024,Food,11286,Cash,June
07-08-2024,Health,11462,Cash,October
07-08-2024,Shopping,8953,Cash,December
07-08-2024,Transport,12140,Online,December
07-08-2024,Transport,10338,Cash,August
07-09-2024,Transport,1056,Cash,January
07-09-2024,Food,2952,Cash,June
07-10-2024,Utilities,8079,Online,June
07-10-2024,Shopping,6159,Card,January
07-10-2024,Utilities,3664,Cash,February
07-12-2024,Utilities,12249,Online,March
7/13/2024,Rent,558,Card,December
7/14/2024,Entertainment,9916,Online,June
7/14/2024,Entertainment,9572,Online,June
7/16/2024,Transport,4573,Cash,August
7/19/2024,Food,11636,Cash,August
7/19/2024,Health,2917,Card,January
7/19/2024,Utilities,6606,Online,November
7/20/2024,Utilities,8328,Cash,August
7/21/2024,Food,3733,Card,June
7/21/2024,Utilities,9869,Card,May
7/22/2024,Rent,2069,Cash,September
7/24/2024,Health,12557,Cash,November
7/25/2024,Food,5452,Card,September
7/26/2024,Rent,101,Online,November
7/31/2024,Rent,12198,Online,September
08-02-2024,Rent,12389,Online,October
08-02-2024,Transport,906,Cash,July
08-04-2024,Transport,4030,Card,April
08-04-2024,Food,10239,Cash,October
08-04-2024,Food,12268,Cash,August
08-05-2024,Shopping,991,Card,September
08-05-2024,Health,13062,Cash,November
08-07-2024,Rent,3156,Card,April
08-07-2024,Entertainment,13705,Card,September
08-07-2024,Shopping,3373,Cash,March
08-07-2024,Shopping,4744,Online,January
08-10-2024,Health,10766,Card,December
08-10-2024,Utilities,7411,Card,October
08-12-2024,Health,6735,Card,April
08-12-2024,Shopping,10798,Online,March
08-12-2024,Rent,1198,Online,September
8/13/2024,Health,13712,Card,September
8/14/2024,Shopping,3141,Cash,July
8/14/2024,Rent,13386,Online,May
8/16/2024,Shopping,12300,Cash,October
8/17/2024,Shopping,3754,Online,April
8/17/2024,Food,4209,Card,September
8/18/2024,Food,12291,Cash,April
8/18/2024,Health,13118,Cash,December
8/18/2024,Rent,14970,Online,March
8/20/2024,Health,2996,Card,June
8/20/2024,Utilities,1341,Card,June
8/20/2024,Food,6147,Cash,August
8/20/2024,Health,6670,Online,April
8/21/2024,Food,1923,Online,December
8/22/2024,Rent,10928,Online,November
8/24/2024,Transport,9300,Card,August
8/28/2024,Transport,377,Cash,February
8/29/2024,Entertainment,732,Online,March
8/29/2024,Food,10668,Online,November
8/30/2024,Utilities,4669,Cash,November
8/31/2024,Food,2566,Cash,December
09-02-2024,Health,8004,Card,August
09-03-2024,Transport,12604,Online,October
09-03-2024,Health,8882,Cash,July
09-07-2024,Food,10394,Cash,October
09-08-2024,Food,9616,Card,July
09-08-2024,Health,13371,Cash,September
09-09-2024,Shopping,1036,Online,January
09-09-2024,Shopping,13853,Cash,June
09-09-2024,Health,2171,Cash,April
09-09-2024,Utilities,12881,Card,August
09-09-2024,Food,14594,Cash,September
09-10-2024,Food,10091,Card,August
09-10-2024,Rent,13721,Online,October
09-10-2024,Food,12530,Card,January
09-12-2024,Utilities,10626,Online,May
09-12-2024,Health,3553,Cash,March
9/14/2024,Shopping,5009,Online,June
9/15/2024,Transport,14152,Card,January
9/15/2024,Entertainment,14388,Online,June
9/19/2024,Health,313,Online,August
9/20/2024,Utilities,10285,Cash,November
9/21/2024,Health,506,Card,August
9/24/2024,Health,12318,Card,August
9/24/2024,Utilities,5804,Online,November
9/25/2024,Food,3278,Card,May
9/26/2024,Food,3120,Card,November
9/27/2024,Food,9255,Cash,March
9/27/2024,Health,5168,Card,April
9/28/2024,Rent,4685,Online,February
9/29/2024,Transport,5352,Online,October
9/30/2024,Health,4976,Cash,February
10-03-2024,Rent,3489,Card,July
10-03-2024,Utilities,1366,Online,January
10-03-2024,Shopping,11693,Online,March
10-03-2024,Shopping,2975,Card,February
10-05-2024,Rent,10793,Card,December
10-06-2024,Shopping,6159,Cash,May
10-06-2024,Rent,6178,Online,October
10-09-2024,Utilities,11901,Cash,February
10-09-2024,Entertainment,11248,Cash,December
10-10-2024,Transport,9041,Card,September
10-11-2024,Utilities,9210,Cash,December
10-11-2024,Shopping,3330,Online,December
10/14/2024,Utilities,11271,Online,March
10/15/2024,Transport,656,Online,May
10/15/2024,Rent,9306,Online,August
10/20/2024,Rent,1059,Card,October
10/22/2024,Shopping,417,Online,August
10/24/2024,Entertainment,13803,Cash,June
10/27/2024,Entertainment,3197,Card,September
10/28/2024,Transport,9194,Card,May
10/28/2024,Transport,11973,Cash,March
10/30/2024,Shopping,8883,Cash,February
10/31/2024,Entertainment,1225,Card,April
10/31/2024,Food,7162,Card,March
11-04-2024,Food,14999,Card,April
11-09-2024,Rent,4655,Card,January
11-09-2024,Health,924,Cash,April
11-11-2024,Transport,10322,Online,December
11-11-2024,Shopping,1835,Card,January
11/13/2024,Food,2944,Card,August
11/16/2024,Rent,1625,Online,August
11/18/2024,Rent,6775,Online,March
11/18/2024,Food,5731,Cash,July
11/20/2024,Transport,402,Online,May
11/21/2024,Food,1975,Cash,August
11/22/2024,Transport,9535,Cash,April
11/25/2024,Transport,10206,Card,February
11/26/2024,Entertainment,9755,Card,December
11/26/2024,Entertainment,8320,Online,August
12-01-2024,Shopping,10155,Card,November
12-03-2024,Entertainment,2025,Online,February
12-03-2024,Transport,1489,Online,February
12-03-2024,Transport,13734,Online,April
12-04-2024,Utilities,5595,Online,October
12-05-2024,Health,1390,Card,May
12-05-2024,Entertainment,2528,Online,May
12-06-2024,Entertainment,10325,Online,March
12-07-2024,Transport,11122,Card,November
12-07-2024,Rent,6384,Cash,July
12-07-2024,Rent,12688,Online,October
12-09-2024,Entertainment,462,Card,May
12-09-2024,Entertainment,5790,Online,February
12-11-2024,Shopping,2533,Online,May
12-11-2024,Utilities,2033,Online,July
12-11-2024,Shopping,9868,Online,February
12-11-2024,Rent,2025,Card,July
12/13/2024,Health,7913,Cash,January
12/13/2024,Entertainment,730,Cash,September
12/13/2024,Rent,3710,Online,November
12/14/2024,Health,8812,Card,July
12/14/2024,Utilities,13618,Online,July
12/15/2024,Transport,6756,Online,January
12/19/2024,Shopping,3914,Card,January
12/22/2024,Entertainment,7619,Online,December
12/23/2024,Transport,807,Cash,October
12/24/2024,Utilities,7366,Cash,November
12/26/2024,Shopping,9876,Cash,July
12/30/2024,Utilities,14994,Card,May
12/30/2024,Food,13358,Card,June
01-01-2025,Food,13339,Cash,September
01-01-2025,Shopping,9006,Cash,March
01-03-2025,Transport,6571,Online,April
01-03-2025,Transport,1087,Online,September
01-04-2025,Utilities,6152,Cash,October
01-07-2025,Health,5201,Online,June
01-07-2025,Rent,11707,Online,August
01-07-2025,Shopping,5151,Cash,April
01-07-2025,Utilities,11263,Cash,January
01-08-2025,Transport,3193,Cash,October
01-09-2025,Entertainment,614,Cash,January
01-10-2025,Transport,2290,Online,November
01-11-2025,Food,14394,Cash,May
1/13/2025,Shopping,9117,Card,August
1/14/2025,Rent,8225,Cash,June
1/14/2025,Transport,1412,Cash,December
1/18/2025,Utilities,5343,Online,January
1/19/2025,Transport,2355,Cash,January
1/19/2025,Utilities,12957,Cash,November
1/20/2025,Health,9176,Cash,April
1/20/2025,Utilities,14364,Online,November
1/20/2025,Utilities,4832,Cash,April
1/21/2025,Health,13798,Cash,September
1/21/2025,Entertainment,1349,Online,September
1/22/2025,Health,9710,Online,September
1/22/2025,Rent,7387,Online,January
1/24/2025,Health,11911,Cash,June
1/24/2025,Transport,9275,Cash,June
1/26/2025,Rent,2530,Card,November
1/26/2025,Rent,4895,Online,April
1/27/2025,Shopping,1068,Card,July
1/27/2025,Rent,14456,Card,November
1/27/2025,Utilities,12973,Cash,May
1/27/2025,Rent,5147,Cash,March
1/28/2025,Shopping,12692,Cash,August
1/30/2025,Health,10703,Cash,December
1/30/2025,Rent,240,Online,March
1/31/2025,Shopping,8334,Online,June
1/31/2025,Utilities,588,Cash,June
02-01-2025,Shopping,10806,Card,June
02-01-2025,Rent,14059,Card,October
02-01-2025,Shopping,14271,Cash,December
02-03-2025,Entertainment,1746,Card,January
02-04-2025,Rent,14822,Card,June
02-04-2025,Transport,13495,Cash,January
02-05-2025,Entertainment,11894,Online,September
02-05-2025,Rent,5395,Card,December
02-06-2025,Utilities,216,Online,January
02-06-2025,Utilities,3710,Cash,January
02-07-2025,Shopping,11140,Card,July
02-10-2025,Shopping,11621,Card,June
02-10-2025,Transport,7591,Cash,May
02-11-2025,Rent,6804,Cash,September
02-11-2025,Health,625,Card,April
02-12-2025,Rent,7722,Cash,October
2/14/2025,Transport,3442,Card,May
2/16/2025,Utilities,4906,Card,January
2/17/2025,Shopping,7927,Cash,April
2/18/2025,Utilities,9482,Cash,June
2/18/2025,Entertainment,4297,Cash,March
2/18/2025,Rent,10717,Online,November
2/19/2025,Health,8811,Online,May
2/20/2025,Shopping,5308,Card,January
2/21/2025,Food,1467,Card,June
2/22/2025,Shopping,14568,Card,February
2/23/2025,Health,7114,Card,March
2/23/2025,Transport,9208,Cash,November
2/25/2025,Transport,5391,Cash,July
2/25/2025,Transport,189,Card,September
03-02-2025,Entertainment,8233,Card,August
03-03-2025,Entertainment,9279,Cash,September
03-07-2025,Food,7275,Card,November
03-10-2025,Utilities,7451,Online,August
03-11-2025,Shopping,8156,Online,August
3/13/2025,Shopping,10426,Online,December
3/14/2025,Health,14097,Online,June
3/16/2025,Transport,2449,Cash,March
3/17/2025,Health,6546,Cash,November
3/17/2025,Entertainment,12341,Online,October
3/19/2025,Health,729,Card,June
3/20/2025,Shopping,9952,Card,October
3/20/2025,Transport,13278,Online,October
3/22/2025,Shopping,1339,Online,July
3/25/2025,Food,307,Cash,December
3/26/2025,Entertainment,6907,Online,August
3/28/2025,Food,12096,Online,April
3/28/2025,Entertainment,13747,Card,October
3/28/2025,Transport,14527,Card,December
3/30/2025,Entertainment,10974,Cash,August
3/30/2025,Rent,9306,Cash,July
3/31/2025,Food,9754,Card,May
3/31/2025,Entertainment,12980,Cash,December
3/31/2025,Health,138,Cash,December
04-01-2025,Health,11860,Card,August
04-03-2025,Food,7586,Card,October
04-04-2025,Shopping,11677,Online,October
04-04-2025,Shopping,12613,Cash,August
04-05-2025,Entertainment,671,Cash,November
04-05-2025,Entertainment,3974,Card,July
04-06-2025,Transport,5333,Online,January
04-06-2025,Entertainment,7109,Card,February
04-08-2025,Transport,1863,Cash,July
04-11-2025,Shopping,4905,Card,October
4/13/2025,Transport,13745,Online,October
4/14/2025,Health,994,Online,June
4/15/2025,Transport,14396,Card,November
4/15/2025,Shopping,7943,Card,July
4/16/2025,Shopping,3878,Card,April
4/16/2025,Health,13581,Online,April
4/17/2025,Food,5520,Cash,March
4/17/2025,Transport,8719,Cash,October
4/17/2025,Utilities,14514,Online,May
4/18/2025,Rent,1374,Cash,September
4/18/2025,Health,4570,Cash,October
4/19/2025,Transport,14065,Card,February
4/19/2025,Shopping,14299,Card,September
4/20/2025,Entertainment,3140,Card,July
4/20/2025,Food,7314,Card,October
4/21/2025,Health,5470,Card,March
4/21/2025,Rent,3691,Card,April
4/21/2025,Entertainment,3020,Online,July
4/25/2025,Transport,2027,Cash,December
4/28/2025,Entertainment,6112,Card,January
4/29/2025,Entertainment,7412,Card,November
4/29/2025,Shopping,1365,Online,December
05-02-2025,Food,13572,Card,April
05-03-2025,Entertainment,12152,Card,March
05-04-2025,Rent,5250,Cash,November
05-04-2025,Food,9561,Cash,May
05-06-2025,Food,13995,Card,February
05-06-2025,Food,13450,Online,February
05-07-2025,Rent,11439,Card,November
05-07-2025,Shopping,9577,Online,February
05-10-2025,Shopping,13773,Card,May
05-11-2025,Rent,14375,Online,January
05-11-2025,Utilities,452,Online,May
05-11-2025,Shopping,4216,Online,June
5/13/2025,Food,1767,Card,November
5/13/2025,Food,3838,Cash,June
5/14/2025,Food,7385,Cash,October
5/15/2025,Health,3826,Cash,December
5/16/2025,Entertainment,5349,Cash,July
5/17/2025,Food,2503,Cash,February
5/17/2025,Rent,1107,Cash,April
5/18/2025,Health,12498,Online,August
5/19/2025,Entertainment,11795,Cash,June
5/19/2025,Transport,9141,Card,April
5/20/2025,Transport,11396,Online,May
5/20/2025,Entertainment,474,Cash,December
5/20/2025,Shopping,14215,Cash,January
5/22/2025,Rent,10758,Cash,May
5/23/2025,Entertainment,1318,Card,June
5/24/2025,Health,4279,Online,July
5/24/2025,Food,9178,Card,October
5/25/2025,Rent,683,Card,August
5/25/2025,Food,6969,Cash,February
5/25/2025,Transport,1896,Card,February
5/25/2025,Rent,626,Card,September
5/26/2025,Shopping,12768,Online,June
5/26/2025,Utilities,10281,Card,December
5/27/2025,Shopping,6864,Cash,May
5/27/2025,Food,11136,Cash,August
5/30/2025,Entertainment,10627,Online,March
5/30/2025,Entertainment,12244,Card,April
5/31/2025,Rent,1898,Cash,December
06-01-2025,Shopping,14125,Card,December
06-02-2025,Rent,7202,Card,May
06-04-2025,Entertainment,7024,Cash,June
06-05-2025,Health,9810,Card,January
06-08-2025,Shopping,13861,Online,December
06-08-2025,Utilities,6577,Cash,February
06-08-2025,Entertainment,8173,Cash,December
06-09-2025,Entertainment,10893,Online,July
6/14/2025,Transport,1416,Card,August
6/15/2025,Rent,13087,Card,November
6/21/2025,Health,12865,Cash,September
6/23/2025,Food,8358,Card,March
6/24/2025,Rent,9209,Cash,March
6/28/2025,Transport,3391,Online,February
6/30/2025,Entertainment,406,Cash,January
6/30/2025,Rent,12175,Cash,September
6/30/2025,Shopping,9982,Card,May
07-01-2025,Health,7110,Card,November
07-04-2025,Shopping,12725,Online,September
07-04-2025,Shopping,9656,Cash,November
07-07-2025,Shopping,12194,Cash,June
07-09-2025,Transport,5143,Card,March
07-09-2025,Transport,3928,Cash,December
07-09-2025,Entertainment,9205,Online,September
07-09-2025,Entertainment,6752,Card,March
07-10-2025,Rent,4899,Cash,December
07-11-2025,Food,761,Cash,September
7/13/2025,Health,5278,Cash,June
7/14/2025,Shopping,6502,Card,March
7/15/2025,Rent,12427,Card,March
7/16/2025,Shopping,9888,Card,September
7/16/2025,Shopping,7279,Online,May
7/17/2025,Shopping,13256,Cash,January
7/17/2025,Utilities,13607,Card,March
7/17/2025,Rent,6642,Cash,September
7/18/2025,Entertainment,1063,Online,February
7/18/2025,Shopping,1480,Card,October
7/19/2025,Food,12423,Card,May
7/19/2025,Health,7391,Card,October
7/19/2025,Entertainment,9084,Card,July
7/19/2025,Transport,6663,Cash,May
7/20/2025,Health,7757,Card,July
7/22/2025,Shopping,11927,Online,May
7/23/2025,Transport,12315,Online,April
7/23/2025,Food,9565,Card,June
7/25/2025,Utilities,6831,Card,December
7/25/2025,Shopping,5997,Cash,April
7/27/2025,Rent,786,Card,February
7/27/2025,Food,8880,Cash,November
7/28/2025,Entertainment,9537,Online,March
7/28/2025,Health,4456,Card,June
7/30/2025,Shopping,7948,Online,January
7/31/2025,Transport,2453,Card,January
08-02-2025,Transport,4011,Online,August
08-03-2025,Entertainment,5470,Card,December
08-09-2025,Shopping,1017,Cash,May
08-10-2025,Transport,4545,Cash,October
8/15/2025,Rent,2569,Cash,January
8/16/2025,Health,14888,Online,April
8/18/2025,Food,11314,Cash,February
8/23/2025,Utilities,7080,Card,November
8/23/2025,Rent,992,Cash,September
8/24/2025,Health,3812,Card,July
8/26/2025,Shopping,2303,Cash,January
8/27/2025,Transport,9142,Online,February
8/29/2025,Utilities,9639,Card,April
8/29/2025,Rent,12180,Card,May
8/30/2025,Rent,5758,Card,December
8/30/2025,Transport,7805,Cash,January
8/31/2025,Transport,3738,Cash,March
8/31/2025,Utilities,14890,Cash,February
09-01-2025,Health,12191,Cash,September
09-02-2025,Rent,878,Online,February
09-03-2025,Utilities,10837,Cash,March
09-03-2025,Rent,8420,Card,May
09-04-2025,Food,369,Card,April
09-04-2025,Entertainment,674,Card,December
09-04-2025,Transport,2164,Card,June
09-04-2025,Health,7524,Card,February
09-06-2025,Food,12360,Cash,December
09-08-2025,Shopping,9113,Card,February
09-11-2025,Food,11183,Card,October
09-11-2025,Utilities,5446,Online,October
9/15/2025,Health,10740,Cash,October
9/16/2025,Health,12957,Cash,January
9/16/2025,Rent,3274,Cash,March
9/17/2025,Health,7332,Cash,March
9/17/2025,Utilities,9733,Cash,February
9/19/2025,Shopping,7933,Card,May
9/19/2025,Food,13125,Cash,December
9/24/2025,Rent,9745,Online,June
9/25/2025,Rent,205,Cash,April
9/25/2025,Transport,381,Card,November
9/25/2025,Utilities,9767,Card,March
9/27/2025,Health,2834,Online,November
9/29/2025,Transport,7100,Card,February
9/29/2025,Transport,10824,Card,August
9/29/2025,Utilities,1707,Online,January
9/30/2025,Entertainment,1494,Online,September
10-01-2025,Utilities,307,Cash,September
10-01-2025,Health,9198,Cash,December
10-01-2025,Transport,13731,Cash,July
10-02-2025,Health,9608,Card,March
10-02-2025,Food,12994,Online,June
10-03-2025,Rent,10147,Online,March
10-04-2025,Food,13087,Online,December
10-07-2025,Food,4911,Card,June
10-08-2025,Transport,8294,Card,February
10-09-2025,Rent,10000,Online,August
10-09-2025,Rent,10008,Online,February
10-09-2025,Health,11115,Cash,June
10-10-2025,Entertainment,9178,Online,January
10/13/2025,Food,13497,Card,August
10/14/2025,Transport,3783,Cash,October
10/14/2025,Food,8205,Online,August
10/15/2025,Food,113,Card,April
10/16/2025,Rent,1140,Card,July
10/17/2025,Transport,5442,Card,May
10/17/2025,Food,12740,Cash,November
10/17/2025,Food,3292,Cash,June
10/18/2025,Shopping,1400,Card,April
10/18/2025,Shopping,3668,Card,June
10/19/2025,Food,2237,Online,September
10/20/2025,Entertainment,10644,Online,May
10/20/2025,Entertainment,6357,Cash,February
10/20/2025,Shopping,4890,Card,March
10/20/2025,Utilities,14431,Card,August
10/20/2025,Shopping,11643,Online,September
10/21/2025,Transport,5110,Online,January
10/21/2025,Shopping,9308,Card,January
10/23/2025,Transport,7978,Cash,January
10/24/2025,Health,3089,Cash,June
10/24/2025,Shopping,12301,Card,December
10/25/2025,Food,9619,Card,May
10/25/2025,Food,9253,Card,June
10/25/2025,Health,14098,Online,January
10/25/2025,Shopping,1968,Card,July
10/26/2025,Transport,2213,Cash,October
10/29/2025,Entertainment,3813,Cash,January
10/31/2025,Shopping,7967,Card,February
10/31/2025,Utilities,10504,Cash,February
11-02-2025,Health,3776,Cash,March
11-02-2025,Rent,11822,Cash,December
11-02-2025,Transport,7521,Online,June
11-03-2025,Rent,6832,Online,January
11-05-2025,Rent,6250,Cash,January
11-05-2025,Utilities,11965,Online,June
11-06-2025,Entertainment,1540,Cash,July
11-06-2025,Rent,4355,Cash,May
11-06-2025,Transport,6702,Online,February
11-07-2025,Utilities,10496,Online,April
11-11-2025,Food,652,Cash,April
11-12-2025,Rent,8345,Online,September
11-12-2025,Entertainment,10439,Online,July
11-12-2025,Rent,6530,Online,March
11-12-2025,Health,7537,Cash,March
11/14/2025,Shopping,11493,Online,June
11/14/2025,Entertainment,1084,Card,March
11/14/2025,Transport,10277,Card,October
11/15/2025,Rent,8732,Online,March
11/15/2025,Health,4748,Card,May
11/16/2025,Utilities,10917,Cash,September
11/17/2025,Rent,2013,Online,March
11/18/2025,Entertainment,11753,Online,October
11/19/2025,Utilities,14397,Cash,July
11/20/2025,Shopping,10700,Cash,June
11/21/2025,Rent,803,Card,June
11/21/2025,Entertainment,2482,Online,July
11/22/2025,Shopping,11745,Card,July
11/22/2025,Rent,3474,Online,September
11/23/2025,Utilities,9984,Online,April
11/25/2025,Health,2963,Cash,May
11/27/2025,Entertainment,3349,Online,November
11/28/2025,Utilities,7497,Cash,January
11/28/2025,Rent,9544,Cash,May
11/29/2025,Food,9235,Online,May
11/29/2025,Entertainment,8313,Cash,February
11/29/2025,Entertainment,3698,Card,November
11/30/2025,Shopping,826,Online,February
11/30/2025,Utilities,14136,Online,August
12-01-2025,Transport,1928,Card,August
12-02-2025,Shopping,14659,Online,February
12-03-2025,Entertainment,4072,Cash,March
12-04-2025,Food,2389,Card,December
12-04-2025,Food,7526,Card,February
12-06-2025,Entertainment,2156,Card,December
12-09-2025,Transport,3474,Online,March
12-10-2025,Food,3480,Card,November
12-10-2025,Entertainment,6640,Cash,July
12-11-2025,Transport,11060,Cash,January
12/14/2025,Health,3325,Cash,August
12/18/2025,Rent,10130,Card,February
12/20/2025,Food,10562,Card,August
12/20/2025,Transport,2262,Online,May
12/24/2025,Entertainment,9524,Online,October
12/25/2025,Utilities,2496,Online,December
12/26/2025,Health,13936,Cash,October
12/27/2025,Rent,11230,Online,October
12/27/2025,Rent,11403,Card,August
12/27/2025,Rent,3653,Online,December
12/28/2025,Utilities,10304,Card,May
12/29/2025,Shopping,12278,Online,May
12/29/2025,Entertainment,14151,Card,August
12/30/2025,Rent,14013,Cash,December
12/30/2025,Health,5876,Online,June
01-01-2026,Shopping,11353,Cash,April
01-01-2026,Utilities,10693,Card,September
01-02-2026,Shopping,12308,Card,November
01-03-2026,Utilities,6912,Online,April
01-03-2026,Transport,12871,Card,May
01-04-2026,Shopping,11480,Online,March
01-04-2026,Health,4803,Card,January
01-05-2026,Utilities,9318,Online,September
01-05-2026,Entertainment,5289,Online,September
01-05-2026,Entertainment,5490,Card,August
01-08-2026,Food,13644,Cash,July
01-08-2026,Transport,14537,Card,November
01-09-2026,Utilities,12445,Cash,August
01-10-2026,Rent,719,Online,April
01-12-2026,Health,5184,Online,October
1/14/2026,Transport,8807,Online,May
1/14/2026,Entertainment,12832,Cash,August
1/17/2026,Entertainment,11092,Card,December
1/18/2026,Food,2845,Cash,July
1/18/2026,Rent,14627,Cash,November
1/19/2026,Utilities,5004,Online,August
1/19/2026,Entertainment,5857,Cash,December
1/20/2026,Transport,11708,Cash,May
1/20/2026,Health,6362,Card,January
1/21/2026,Shopping,9786,Cash,January
1/21/2026,Utilities,3324,Online,March
1/23/2026,Transport,9929,Online,October
1/23/2026,Food,7327,Card,April
1/27/2026,Health,12473,Online,January
1/28/2026,Food,6995,Cash,February
1/28/2026,Rent,4540,Card,August
1/30/2026,Transport,5692,Online,February
1/31/2026,Rent,4712,Online,November
1/31/2026,Health,11777,Cash,September
02-02-2026,Utilities,6880,Cash,July
02-02-2026,Entertainment,3862,Card,January
02-02-2026,Health,10288,Online,March
02-02-2026,Health,7199,Card,April
02-05-2026,Entertainment,5545,Card,January
02-05-2026,Transport,12736,Card,October
02-07-2026,Entertainment,3819,Online,February
02-07-2026,Health,4643,Cash,September
02-08-2026,Rent,13159,Cash,February
02-09-2026,Health,5897,Cash,March
02-10-2026,Transport,4233,Cash,December
02-11-2026,Transport,2908,Online,August
02-12-2026,Rent,6376,Card,January
2/14/2026,Food,1100,Cash,September
2/14/2026,Entertainment,14239,Online,June
2/14/2026,Rent,11887,Online,September
2/14/2026,Entertainment,5116,Cash,December
2/15/2026,Health,4775,Card,January
2/17/2026,Entertainment,8457,Online,November
2/18/2026,Shopping,12157,Card,October
2/18/2026,Shopping,3841,Card,November
2/21/2026,Food,13932,Card,November
2/21/2026,Rent,3181,Cash,January
2/22/2026,Rent,2572,Online,January
2/23/2026,Transport,3814,Cash,September
2/25/2026,Food,14235,Cash,September
2/25/2026,Entertainment,5852,Card,April
2/28/2026,Entertainment,225,Online,October
03-01-2026,Shopping,4053,Cash,May
03-02-2026,Utilities,14277,Cash,January
03-02-2026,Entertainment,1086,Card,September
03-02-2026,Rent,10674,Online,March
03-03-2026,Shopping,1812,Card,October
03-05-2026,Shopping,5303,Online,October
03-05-2026,Transport,11818,Cash,May
03-06-2026,Transport,6453,Cash,March
03-06-2026,Entertainment,12039,Cash,September
03-06-2026,Food,4531,Online,November
03-08-2026,Health,6913,Online,January
03-08-2026,Health,10461,Card,November
03-08-2026,Rent,111,Card,August
03-08-2026,Food,10799,Card,July
03-10-2026,Food,3316,Cash,June
03-11-2026,Health,10005,Card,February
03-12-2026,Utilities,14746,Online,August
03-12-2026,Rent,1158,Cash,July
3/14/2026,Entertainment,14194,Cash,July
3/15/2026,Transport,9839,Online,October
3/16/2026,Entertainment,5529,Card,January
3/17/2026,Entertainment,1782,Card,November
3/21/2026,Shopping,3058,Card,June
3/23/2026,Rent,3339,Online,November
3/25/2026,Entertainment,1443,Card,December
3/25/2026,Health,9308,Cash,January
3/26/2026,Entertainment,9399,Cash,February
3/26/2026,Shopping,8132,Card,July
3/26/2026,Health,2456,Cash,February
3/26/2026,Utilities,4136,Online,June
3/28/2026,Shopping,11661,Cash,August
3/29/2026,Entertainment,14651,Card,May
3/29/2026,Transport,7127,Online,October
3/30/2026,Shopping,4267,Cash,April
3/30/2026,Utilities,9599,Cash,November
04-01-2026,Entertainment,7017,Online,April
04-01-2026,Transport,14763,Cash,February
04-02-2026,Entertainment,7129,Cash,October
04-03-2026,Entertainment,7427,Card,August
04-03-2026,Shopping,2593,Card,January
04-04-2026,Food,12297,Card,December
04-05-2026,Food,2872,Cash,April
04-06-2026,Transport,3255,Card,March
04-07-2026,Health,101,Online,March
04-08-2026,Entertainment,14677,Cash,August
04-08-2026,Transport,869,Online,December
04-08-2026,Health,11994,Online,April
04-09-2026,Health,2039,Card,November
04-09-2026,Food,1088,Cash,April
04-10-2026,Entertainment,9871,Cash,May
04-11-2026,Food,11029,Online,March
04-12-2026,Rent,11230,Cash,April
4/13/2026,Transport,13225,Cash,June
4/14/2026,Utilities,11524,Cash,December
4/15/2026,Rent,1150,Cash,February
4/16/2026,Rent,1298,Online,April
4/16/2026,Utilities,8984,Online,December
4/17/2026,Utilities,3566,Online,June
4/18/2026,Food,1804,Cash,January
4/18/2026,Rent,2852,Cash,March
4/19/2026,Transport,11800,Online,June
4/20/2026,Transport,8006,Online,March
4/21/2026,Health,7024,Cash,February
4/22/2026,Transport,6887,Card,September
4/28/2026,Health,7861,Online,November
4/30/2026,Transport,7036,Online,July
05-01-2026,Utilities,10461,Card,June
05-01-2026,Transport,3224,Online,October
05-03-2026,Utilities,12682,Online,September
05-03-2026,Utilities,10332,Card,December
05-04-2026,Shopping,891,Cash,March
05-06-2026,Entertainment,14788,Online,January
05-06-2026,Shopping,10845,Online,October
05-07-2026,Food,13246,Card,November
05-07-2026,Rent,13381,Cash,February
05-10-2026,Rent,12357,Online,April
05-10-2026,Rent,6190,Cash,June
05-10-2026,Entertainment,7611,Card,December
05-12-2026,Entertainment,9087,Cash,September
5/13/2026,Transport,3888,Card,September
5/13/2026,Health,10376,Cash,March
5/16/2026,Entertainment,1277,Cash,November
5/16/2026,Food,675,Cash,December
5/16/2026,Shopping,14010,Card,August
5/18/2026,Rent,9027,Card,October
5/18/2026,Health,8079,Card,January
5/20/2026,Food,14849,Cash,April
5/21/2026,Entertainment,12103,Online,December
5/21/2026,Entertainment,9852,Cash,July
5/21/2026,Utilities,11858,Card,April
5/21/2026,Food,13473,Cash,November
5/21/2026,Food,5443,Online,May
5/22/2026,Health,4860,Online,May
5/25/2026,Food,10923,Cash,March
5/25/2026,Utilities,10206,Card,September
5/26/2026,Health,5995,Cash,April
5/27/2026,Food,734,Online,February
5/28/2026,Food,1691,Card,May
5/28/2026,Shopping,3527,Card,November
5/29/2026,Shopping,11663,Cash,July
5/30/2026,Utilities,11228,Online,June
5/30/2026,Utilities,4499,Online,December
06-01-2026,Transport,10160,Online,April
06-01-2026,Food,2378,Online,December
06-01-2026,Utilities,8701,Card,June
06-02-2026,Shopping,5755,Card,February
06-02-2026,Utilities,7215,Online,December
06-03-2026,Health,1329,Online,March
06-03-2026,Rent,12146,Card,April
06-04-2026,Entertainment,12021,Cash,April
06-04-2026,Shopping,13131,Card,August
06-09-2026,Health,14213,Cash,November
06-10-2026,Utilities,1535,Online,May
06-10-2026,Rent,12422,Cash,September
6/13/2026,Transport,12968,Online,April
6/14/2026,Health,6182,Online,April
6/14/2026,Health,8542,Cash,February
6/14/2026,Shopping,13698,Online,June
6/15/2026,Health,5891,Cash,February
6/15/2026,Health,9327,Cash,September
6/16/2026,Health,11973,Card,May
6/16/2026,Health,3273,Card,December
6/18/2026,Health,1987,Card,January
6/21/2026,Food,554,Cash,October
6/21/2026,Food,10632,Cash,June
6/24/2026,Shopping,6189,Cash,September
6/25/2026,Utilities,7825,Card,August
6/26/2026,Shopping,14946,Card,April
6/26/2026,Entertainment,13480,Cash,May
6/27/2026,Health,4311,Cash,November
6/30/2026,Entertainment,11085,Online,October
07-01-2026,Food,7152,Card,August
07-02-2026,Shopping,8608,Online,April
07-03-2026,Transport,9296,Online,September
07-04-2026,Rent,13729,Card,February
07-08-2026,Transport,14726,Online,April
07-08-2026,Shopping,14551,Online,September
07-09-2026,Transport,9231,Card,July
07-09-2026,Shopping,12698,Online,January
07-10-2026,Rent,1488,Cash,March
07-10-2026,Shopping,6283,Card,January
07-11-2026,Utilities,8633,Online,August
7/13/2026,Food,14209,Cash,February
7/16/2026,Entertainment,12903,Card,September
7/17/2026,Health,11915,Cash,June
7/17/2026,Transport,8565,Card,February
7/17/2026,Entertainment,4133,Cash,October
7/17/2026,Shopping,9838,Cash,July
7/17/2026,Food,10953,Card,July
7/18/2026,Health,9866,Card,November
7/20/2026,Rent,13874,Card,April
7/20/2026,Entertainment,6744,Online,May
7/22/2026,Transport,8941,Cash,July
7/23/2026,Rent,14726,Card,January
7/23/2026,Health,582,Cash,May
7/24/2026,Utilities,10305,Cash,August
7/24/2026,Food,6199,Cash,December
7/31/2026,Food,12747,Online,April
7/31/2026,Utilities,10089,Card,December
7/31/2026,Shopping,6981,Online,May
08-03-2026,Food,9020,Card,December
08-03-2026,Transport,8327,Cash,December
08-05-2026,Rent,4982,Online,July
08-08-2026,Entertainment,1842,Card,October
08-09-2026,Health,12255,Cash,March
08-10-2026,Entertainment,8576,Card,August
08-10-2026,Food,6254,Online,August
08-10-2026,Transport,14310,Cash,October
08-11-2026,Food,11471,Card,June
08-12-2026,Rent,5209,Card,September
08-12-2026,Food,121,Cash,February
8/13/2026,Food,7590,Card,July
8/13/2026,Food,1489,Card,May
8/14/2026,Food,9731,Online,June
8/14/2026,Transport,5205,Card,March
8/15/2026,Food,5226,Cash,May
8/15/2026,Rent,12695,Card,July
8/15/2026,Food,13431,Card,February
8/15/2026,Shopping,14164,Cash,June
8/15/2026,Transport,11845,Online,November
8/15/2026,Food,11679,Online,November
8/16/2026,Food,11066,Cash,November
8/16/2026,Entertainment,12220,Card,May
8/17/2026,Rent,4880,Card,February
8/18/2026,Rent,1236,Online,March
8/19/2026,Shopping,13142,Card,July
8/20/2026,Transport,7573,Cash,August
8/20/2026,Rent,5563,Card,August
8/25/2026,Transport,11338,Card,November
8/25/2026,Rent,10533,Cash,May
8/27/2026,Food,5550,Cash,July
8/28/2026,Utilities,172,Cash,October
8/29/2026,Shopping,4699,Card,May
8/29/2026,Health,1904,Cash,June
8/30/2026,Shopping,3456,Cash,June
8/30/2026,Health,13060,Cash,September
8/31/2026,Transport,7695,Online,June
09-01-2026,Utilities,13361,Online,March
09-02-2026,Health,2836,Online,March
09-04-2026,Transport,11307,Cash,April
09-07-2026,Health,8695,Cash,September
09-08-2026,Health,3046,Online,March
09-09-2026,Entertainment,11071,Card,May
09-12-2026,Entertainment,13679,Cash,February
9/13/2026,Transport,11409,Card,December
9/14/2026,Shopping,9859,Online,March
9/14/2026,Utilities,3172,Cash,February
9/16/2026,Health,3596,Cash,November
9/18/2026,Transport,14094,Cash,July
9/19/2026,Entertainment,10931,Cash,August
9/19/2026,Rent,258,Cash,December
9/22/2026,Health,10003,Card,October
9/22/2026,Entertainment,9007,Card,November
9/23/2026,Utilities,10101,Online,September
9/23/2026,Food,6738,Card,April
9/25/2026,Food,7217,Cash,August
9/25/2026,Utilities,2840,Online,December
